unodostre,contralapared,hoy,zabalo,de,ma;ana,ciudad?,¿Cómo nos conoció?<span class="glyphicon glyphicon-menu-down"></span>,Contacto<span class="glyphicon glyphicon-menu-down"></span>,11111111111
,,,,,,,,,
,,,,,,,,,
,,,,,,,,,
,,,,,,,,,
123,123,123,123,123,123,123,VÃ­a PÃºblica,Informes,
123,123,123,123,123,123,123,VÃ­a PÃºblica,Informes,
123,123,123,123,123,123,123,VÃ­a PÃºblica,Informes,
123,123,123,123,123,123,123,VÃ­a PÃºblica,Informes,
123,123,123,123,123,123,123,VÃ­a PÃºblica,Informes,
123,123,123,123,123,123,123,VÃ­a PÃºblica,Informes,
123,123,123,123,123,123,123,VÃ­a PÃºblica,Informes,
123,123,123,123,123,123,123,VÃ­a PÃºblica,Informes,
123,123,123,123,123,123,123,¿Cómo nos conoció?<span class="glyphicon glyphicon-menu-down"></span>,Contacto<span class="glyphicon glyphicon-menu-down"></span>,
123,123,123,123,123,123,123,¿Cómo nos conoció?<span class="glyphicon glyphicon-menu-down"></span>,Contacto<span class="glyphicon glyphicon-menu-down"></span>,
123,123,123,123,123,123,123,¿Cómo nos conoció?<span class="glyphicon glyphicon-menu-down"></span>,Contacto<span class="glyphicon glyphicon-menu-down"></span>,
123,123,123,123,123,123,123,¿Cómo nos conoció?<span class="glyphicon glyphicon-menu-down"></span>,Contacto<span class="glyphicon glyphicon-menu-down"></span>,
123,123,123,123,123,123,123,¿Cómo nos conoció?<span class="glyphicon glyphicon-menu-down"></span>,Contacto<span class="glyphicon glyphicon-menu-down"></span>,
123,123,123,123,123,123,123,¿Cómo nos conoció?<span class="glyphicon glyphicon-menu-down"></span>,Contacto<span class="glyphicon glyphicon-menu-down"></span>,
123,123,123,123,123,123,123,Recomendación Personal,Informes,PAGUENME
123,123,123,123,123,123,123,¿Cómo nos conoció?<span class="glyphicon glyphicon-menu-down"></span>,Contacto<span class="glyphicon glyphicon-menu-down"></span>,PAGUENME
Pedro!! ,pedrito.gagliardi@gmail.com,47207402,47204720,2740274,4720420,24702,VÃ­a PÃºblica,Informes,Hare Krishna
P,e,d,r,o,g,a,Internet,Ventas,gliardi
P,e,d,r,o,g,a,Internet,Ventas,gliardi
P,e,d,r,o,g,a,Internet,Ventas,gliardi
P,e,d,r,o,g,a,Recomendación Personal,Informes,gliardi
P,e,d,r,o,g,a,Recomendación Personal,Informes,gliardi
P,e,d,r,o,g,a,Recomendación Personal,Informes,gliardi
Pedroooo el capox,Perdon guido  no te mando mas mailsss!,d,r,o,g,a,Recomendación Personal,Informes,gliardi
Pedroooo el capox,abc@hotmail.com,42580258205,libertador y juncal,Argentina,CABA,CABA,VÃ­a PÃºblica,Informes,Mi mensaje es que pasen lo nuevo de fidel nadal, un saludo al colegio elemental 4 de rio negro.
Pedroooo el capox,abc@hotmail.com,42580258205,libertador y juncal,Argentina,CABA,CABA,VÃ­a PÃºblica,Informes,Mi mensaje es que pasen lo nuevo de fidel nadal, un saludo al colegio elemental 4 de rio negro.
Pedroooo el capox,abc@hotmail.com,42580258205,libertador y juncal,Argentina,CABA,CABA,VÃ­a PÃºblica,Informes,Mi mensaje es que pasen lo nuevo de fidel nadal, un saludo al colegio elemental 4 de rio negro.
Pedroooo el capox,abc@hotmail.com,42580258205,libertador y juncal,Argentina,CABA,CABA,VÃ­a PÃºblica,Informes,Mi mensaje es que pasen lo nuevo de fidel nadal, un saludo al colegio elemental 4 de rio negro.
